,Phrase1,Phrase2
0,Nikola Tesla.md,"The Inventions, Researches, and Writings of Nikola Tesla.md"
1,Thermal Recovery.md,Chapter 12 Evaluation of Reservoirs for Thermal Recovery.md
2,ions.md,Chapter 14 Other Applications.md
3,Thermal Recovery.md,Chapter 15 Status and Potential of Thermal Recovery.md
4,rain.md,Welcome To Your Brain.md
5,ions.md,semantic atlas of human emotions.md
6,cat.md,Hashcat.md
7,character.md,pipe character.md
8,Africa.md,Central Africa.md
9,Oklahoma.md,northeastern Oklahoma.md
10,Oklahoma.md,"Picher, Oklahoma.md"
11,United States.md,the United States.md
12,Africa.md,west Africa.md
13,Australia.md,"Wittenoom, Western Australia.md"
14,Experiment.md,Animation of the Meselson and Stahl Experiment.md
15,Gregor Mendel.md,Experiments in Plant Hybridization - Gregor Mendel.md
16,ls.md,How Geckos Stick on der waals.md
17,Fungi.md,"Bacteria & Protists, Fungi.md"
18,Anatomy.md,Mammalian Anatomy.md
19,sciences.md,fundamental sciences.md
20,science.md,applied science.md
21,sciences.md,applied sciences.md
22,moments.md,bending moments.md
23,engineering.md,civil engineering.md
24,medium.md,intervening medium.md
25,ions.md,Method of Sections.md
26,Trusses.md,Planar Trusses.md
27,energy.md,radiant energy.md
28,spectrum.md,visible-light spectrum.md
29,Thermodynamics.md,1st Law of Thermodynamics.md
30,dynamics.md,1st Law of Thermodynamics.md
31,Thermodynamics.md,2nd Law of Thermodynamics.md
32,dynamics.md,2nd Law of Thermodynamics.md
33,sciences.md,basic sciences.md
34,science.md,formal science.md
35,science.md,Information science.md
36,logic.md,deductive logic.md
37,logic.md,inductive logic.md
38,physics.md,Pataphysics.md
39,geometry.md,differential geometry.md
40,geometry.md,Euclidean geometry.md
41,frequency.md,spatial frequency.md
42,evolution.md,temporal evolution.md
43,computer science.md,Theoretical computer science.md
44,science.md,Theoretical computer science.md
45,science.md,life science.md
46,paleontology.md,Micropaleontology.md
47,anthropology.md,Paleoanthropology.md
48,ions.md,Abbreviations.md
49,Nerve Fibers.md,Afferent Nerve Fibers.md
50,immune response.md,anti cancer immune response.md
51,chemistry.md,Biochemistry.md
52,organs.md,CentiMorgans.md
53,DNA.md,Complementary DNA.md
54,carbohydrates.md,Complex carbohydrates.md
55,ions.md,Conclusions.md
56,analysis.md,DNA analysis.md
57,DNA.md,Double-Stranded DNA.md
58,RNA.md,Double-Stranded RNA.md
59,rm.md,ectoderm.md
60,rm.md,endoderm.md
61,pathogens.md,foreign pathogens.md
62,DNA.md,Genomic DNA.md
63,rain.md,grain.md
64,Frames.md,HIV Reading Frames.md
65,taxonomy.md,Linnaean taxonomy.md
66,RNA.md,Long Intergenic Non-Coding RNA.md
67,RNA.md,Long Non-Coding RNA.md
68,aging.md,massaging.md
69,rm.md,mesoderm.md
70,RNA.md,Messenger RNA.md
71,isos.md,Metisos.md
72,virus.md,micro virus.md
73,Ecology.md,Module 10; Ecology.md
74,Notes.md,Module 1; Process of Science Notes.md
75,Lipids.md,Module 4; Lipids.md
76,Metabolism.md,Module 5; Metabolism.md
77,Genetics.md,Module 8; Genetics.md
78,Biology.md,Molecular Biology.md
79,Biology.md,Molecular Biology.md
80,proteins.md,mutant proteins.md
81,Cell.md,Nerve Cell.md
82,Polar Bond.md,Non-Polar Bond.md
83,ions.md,Observations.md
84,Electronegativity.md,Pauling Electronegativity.md
85,Nervous System.md,Peripheral Nervous System.md
86,genetic.md,Phylogenetic.md
87,reaction.md,Polymerase chain reaction.md
88,energy.md,Potential energy.md
89,DNA.md,Recombinant DNA.md
90,RNA.md,Ribosomal RNA.md
91,gorillas.md,silverback gorillas.md
92,DNA.md,Single-Stranded DNA.md
93,RNA.md,Single-Stranded RNA.md
94,muscles.md,skeletal muscles.md
95,ls.md,T cells.md
96,RNA.md,Transfer RNA.md
97,ls.md,Triploblastic animals.md
98,animals.md,Triploblastic animals.md
99,myelinated.md,unmyelinated.md
100,fluids.md,viscous fluids.md
101,ls.md,White Blood Cells.md
102,Cells.md,White Blood Cells.md
103,ions.md,Afferent projections.md
104,stability.md,brain metastability.md
105,data.md,Chordata.md
106,Manifolds.md,Neural Manifolds.md
107,science.md,Neuroscience.md
108,dynamics.md,population dynamics.md
109,ls.md,Potentials.md
110,information.md,sensory information.md
111,Receptors.md,Sensory Receptors.md
112,Afferent Nerve Fibers.md,Somatic Afferent Nerve Fibers.md
113,Nerve Fibers.md,Somatic Afferent Nerve Fibers.md
114,Cell.md,Target Effector Cell.md
115,science.md,physical science.md
116,Reactions.md,Acid-Base Reactions.md
117,ions.md,Acid-Base Reactions.md
118,solids.md,amorphous solids.md
119,ls.md,Atomic Quantum Numbers and Orbitals.md
120,ions.md,Chemical Interactions.md
121,Reactions.md,Endothermic And Exothermic Reactions.md
122,ions.md,Endothermic And Exothermic Reactions.md
123,ls.md,Formal Bonding Models.md
124,ions.md,Hints for Balancing Equations.md
125,ls.md,Hybrid Orbitals.md
126,ls.md,liquid crystals.md
127,crystals.md,liquid crystals.md
128,stability.md,Metastability.md
129,matter.md,Metastable states of matter.md
130,ions.md,Mixtures and Solutions.md
131,Solutions.md,Mixtures and Solutions.md
132,chemistry.md,organic chemistry.md
133,Reactions.md,Oxidation - Reduction Reactions.md
134,ions.md,Oxidation - Reduction Reactions.md
135,ions.md,polyatomic ions.md
136,physics.md,quantum physics.md
137,ions.md,Reactions.md
138,law.md,Stefan–Boltzmann law.md
139,isomer.md,stereoisomer.md
140,isomers.md,stereoisomers.md
141,dynamics.md,Thermodynamics.md
142,nc.md,Zinc.md
143,ls.md,minerals.md
144,energy.md,electromagnetic energy.md
145,spectrum.md,electromagnetic spectrum.md
146,spectrum.md,sound spectrum.md
147,spectrum.md,vibration spectrum.md
148,physics.md,Astrophysics.md
149,Nebula.md,Eagle Nebula.md
150,physics.md,Quantum physics.md
151,science.md,social science.md
152,methodology.md,Ethnomethodology.md
153,Geography.md,Human Geography.md
154,physics.md,Metaphysics.md
155,ls.md,Skills.md
156,ls.md,Combat Skills.md
157,Skills.md,Combat Skills.md
158,ls.md,Magic Skills.md
159,Skills.md,Magic Skills.md
160,ls.md,Stealth Skills.md
161,Skills.md,Stealth Skills.md
162,Tags.md,getTags.md
163,central science.md,"Chapter 1. Chemistry, the central science.md"
164,science.md,"Chapter 1. Chemistry, the central science.md"
165,Humanities.md,18JAN2023 Humanities.md
166,Humanities.md,20JAN2023 Humanities.md
167,Humanities.md,23JAN2023 Humanities.md
168,Humanities.md,25JAN2023_Humanities.md
169,Speech.md,Introduction Speech.md
170,Notes.md,Chapter 6.1 Basic Propositional Logic Notes.md
171,logic.md,Propositional logic.md
172,discipline.md,academic discipline.md
173,ice.md,academic practice.md
174,interdisciplinary.md,adjective interdisciplinary.md
175,ls.md,ADUHELM clinical trials.md
176,species.md,agricultural species.md
177,game theory.md,algorithmic game theory.md
178,ls.md,analytical models.md
179,ions.md,ancient populations.md
180,kingdom.md,animal kingdom.md
181,ls.md,animals.md
182,ls.md,Appendix B Data and Properties of Materials.md
183,history.md,architectural history.md
184,intelligence.md,artificial intelligence.md
185,sphere.md,atmosphere.md
186,science.md,atmospheric science.md
187,ions.md,authors’ conclusions.md
188,sciences.md,behavioural sciences.md
189,data.md,biological data.md
190,literature.md,biological literature.md
191,ls.md,biological materials.md
192,materials.md,biological materials.md
193,sciences.md,biomedical sciences.md
194,ions.md,biomolecular interactions.md
195,physics.md,biophysics.md
196,sphere.md,biosphere.md
197,Rome.md,bishop of Rome.md
198,ls.md,blood vessels.md
199,fluids.md,bodily fluids.md
200,ls.md,broken tools.md
201,ls.md,Cells.md
202,science.md,central science.md
203,theology.md,Christian theology.md
204,rm.md,cirriform.md
205,viscosity.md,coefficient of viscosity.md
206,ions.md,cognitive functions.md
207,science.md,communication science.md
208,semantics.md,comparative semantics.md
209,geometry.md,computational geometry.md
210,number theory.md,computational number theory.md
211,science.md,computer science.md
212,ions.md,conference presentations.md
213,phenomena.md,conscious phenomena.md
214,medicine.md,Contemporary medicine.md
215,chemistry.md,cosmochemistry.md
216,law.md,criminal law.md
217,analysis.md,critical analysis.md
218,ls.md,crystals.md
219,rm.md,cumuliform.md
220,rm.md,cumulonimbiform.md
221,energy.md,dark energy.md
222,matter.md,dark matter.md
223,death.md,date of death.md
224,solids.md,deformation of solids.md
225,analysis.md,Demographic analysis.md
226,ions.md,developing research questions.md
227,ls.md,devils.md
228,ions.md,dilutions.md
229,science.md,discovery science.md
230,science.md,earth science.md
231,sciences.md,earth sciences.md
232,sphere.md,Earth's atmosphere.md
233,atmosphere.md,Earth's atmosphere.md
234,ions.md,electron configurations.md
235,information.md,emergency contact information.md
236,sciences.md,empirical sciences.md
237,engineering.md,environmental engineering.md
238,chemistry.md,Equilibrium chemistry.md
239,literature.md,esoteric literature.md
240,calmness.md,excitement versus calmness.md
241,science.md,forensic science.md
242,languages.md,formal languages.md
243,logic.md,Formal logic.md
244,sciences.md,Formal sciences.md
245,ls.md,fossil fuels.md
246,ls.md,frozen crystals.md
247,crystals.md,frozen crystals.md
248,Pergamon.md,Galen of Pergamon.md
249,disease.md,genetic basis of disease.md
250,data.md,genomic data.md
251,chemistry.md,geochemistry.md
252,morphology.md,geomorphology.md
253,physics.md,geophysics.md
254,science.md,geoscience.md
255,sphere.md,geosphere.md
256,Porosity.md,Hair Porosity.md
257,crystal structure.md,hexagonal crystal structure.md
258,demons.md,hierarchy of demons.md
259,corpus.md,Hippocratic corpus.md
260,science.md,historical science.md
261,sphere.md,homosphere.md
262,ls.md,hospitals.md
263,rain.md,How Well Do You Know Your Brain.md
264,ions.md,human dissections.md
265,ions.md,human populations.md
266,behavior.md,human social behavior.md
267,ls.md,human souls.md
268,souls.md,human souls.md
269,meteorology.md,hydrometeorology.md
270,sphere.md,hydrosphere.md
271,family.md,Indo-European language family.md
272,formal fallacies.md,informal fallacies.md
273,formal languages.md,informal languages.md
274,languages.md,informal languages.md
275,logic.md,informal logic.md
276,engineering.md,information engineering.md
277,light.md,infrared light.md
278,Church.md,institution of the Church.md
279,data.md,insurance provider data.md
280,sciences.md,interdisciplinary sciences.md
281,discipline.md,interdiscipline.md
282,molecular.md,intermolecular.md
283,ions.md,international organizations.md
284,molecular.md,intramolecular.md
285,Newton.md,Isaac Newton.md
286,world.md,Islamicate world.md
287,ls.md,Journals.md
288,calculus.md,lambda calculus.md
289,ls.md,language tools.md
290,nature.md,laws of nature.md
291,ls.md,living cells.md
292,aging.md,magnetic resonance imaging.md
293,history.md,major medical history.md
294,science.md,management science.md
295,ls.md,materials.md
296,Philosophy.md,Mathematical Principles of Natural Philosophy.md
297,meaning model.md,meaning of meaning model.md
298,ions.md,mechanisms of reactions.md
299,ls.md,medical schools.md
300,phenomena.md,mental phenomena.md
301,sphere.md,mesosphere.md
302,homeostasis.md,metal homeostasis.md
303,mind.md,method of mind.md
304,refuse.md,modern refuse.md
305,ions.md,molarity calculations.md
306,RNA.md,mRNA.md
307,ions.md,mutations.md
308,literature.md,mythological literature.md
309,history.md,natural history.md
310,phenomena.md,natural phenomena.md
311,sciences.md,natural sciences.md
312,fluids.md,Newtonian fluids.md
313,ions.md,non-governmental organizations.md
314,fluid mechanics.md,Non-Newtonian fluid mechanics.md
315,fluids.md,non-Newtonian fluids.md
316,Newtonian fluids.md,non-Newtonian fluids.md
317,ions.md,non-profit organizations.md
318,ions.md,non-scientific propositions.md
319,scientific propositions.md,non-scientific propositions.md
320,physics.md,nuclear physics.md
321,ions.md,nuclear reactions.md
322,AI.md,OpenAI.md
323,ions.md,Optical Illusions.md
324,science.md,Optical science.md
325,physics.md,particle physics.md
326,ions.md,penal institutions.md
327,physics.md,petrophysics.md
328,ls.md,pharmaceuticals.md
329,discipline.md,philological discipline.md
330,physics.md,philosophers of physics.md
331,mind.md,philosophy of mind.md
332,religion.md,philosophy of religion.md
333,science.md,philosophy of science.md
334,sciences.md,physical sciences.md
335,world.md,physical world.md
336,science.md,planetary science.md
337,molecules.md,polymer molecules.md
338,ions.md,Populations.md
339,injury.md,prevent injury.md
340,semantics.md,program semantics.md
341,logic.md,Propositional logic.md
342,chemistry.md,quantum chemistry.md
343,phenomena.md,quantum phenomena.md
344,light.md,ray-based model of light.md
345,species.md,reactive oxygen species.md
346,active patterns.md,reactive patterns.md
347,literature.md,religious literature.md
348,organs.md,reproductive organs.md
349,ions.md,robotic spacecraft missions.md
350,law.md,scholars of law.md
351,society.md,science of society.md
352,ions.md,scientific propositions.md
353,evolution.md,Scientific Revolution.md
354,class.md,social class.md
355,analysis.md,social network analysis.md
356,order.md,social order.md
357,policy.md,social policy.md
358,sciences.md,social sciences.md
359,education.md,sociology of education.md
360,matter.md,soft matter.md
361,solids.md,soft solids.md
362,physics.md,solid-state physics.md
363,ions.md,Solutions.md
364,ls.md,souls.md
365,physics.md,space physics.md
366,scientific disciplines.md,Specialized scientific disciplines.md
367,ls.md,stratiform veils.md
368,rm.md,stratiform.md
369,rm.md,stratocumuliform.md
370,cumuliform.md,stratocumuliform.md
371,sphere.md,stratosphere.md
372,insects.md,study of insects.md
373,Church.md,study of the Church.md
374,light.md,sunlight.md
375,ions.md,supernova explosions.md
376,ions.md,suspensions.md
377,ions.md,Taoists traditions.md
378,world.md,the ancient world.md
379,sciences.md,the atmospheric sciences.md
380,physical sciences.md,the bridge between the human and the physical sciences.md
381,sciences.md,the bridge between the human and the physical sciences.md
382,buildings.md,the building and decoration of church buildings.md
383,Cold War.md,The Cold War.md
384,Moon.md,the Moon.md
385,Solar System.md,the Solar System.md
386,light.md,the speed of light.md
387,discipline.md,the world discipline.md
388,physicist.md,Theoretical astrophysicist.md
389,computer science.md,theoretical computer science.md
390,science.md,theoretical computer science.md
391,planetary science.md,theoretical planetary science.md
392,science.md,theoretical planetary science.md
393,chemistry.md,Thermochemistry.md
394,trash.md,time-modified trash.md
395,sphere.md,troposphere.md
396,ls.md,tunnels.md
397,mind.md,unconscious mind.md
398,conscious phenomena.md,unconscious phenomena.md
399,phenomena.md,unconscious phenomena.md
400,ions.md,unique adaptations.md
401,light.md,visible light.md
402,ions.md,vivisections.md
403,ice.md,water ice.md
404,light.md,wave model of light.md
405,Roman Empire.md,Western Roman Empire.md
406,1.mp4.md,14_Differential_equations_a_tourists_guide__DE1.mp4.md
407,1.mp4.md,14_Differential_equations_a_tourists_guide__DE1.mp4.md
408,1.mp4.md,14_Differential_equations_a_tourists_guide__DE1.mp4.md
409,6.mp4.md,15_How_(and_why)_to_raise_e_to_the_power_of_a_matrix__DE6.mp4.md
410,6.mp4.md,15_How_(and_why)_to_raise_e_to_the_power_of_a_matrix__DE6.mp4.md
411,4.mp4.md,1_But_what_is_a_Fourier_series__From_heat_flow_to_drawing_with_circles__DE4.mp4.md
412,4.mp4.md,1_But_what_is_a_Fourier_series__From_heat_flow_to_drawing_with_circles__DE4.mp4.md
413,1.mp4.md,1_MIT_Introduction_to_Deep_Learning__6S191.mp4.md
414,1.mp4.md,1_MIT_Introduction_to_Deep_Learning__6S191.mp4.md
415,1.mp4.md,1_MIT_Introduction_to_Deep_Learning__6S191.mp4.md
416,1.mp4.md,33_Barack_Obama_Intro_to_Deep_Learning__MIT_6S191.mp4.md
417,1.mp4.md,33_Barack_Obama_Intro_to_Deep_Learning__MIT_6S191.mp4.md
418,1.mp4.md,33_Barack_Obama_Intro_to_Deep_Learning__MIT_6S191.mp4.md
419,1.mp4.md,11.mp4.md
420,1.mp4.md,11.mp4.md
421,1.mp4.md,11.mp4.md
422,2.mp4.md,12.mp4.md
423,2.mp4.md,12.mp4.md
424,2.mp4.md,12.mp4.md
425,3.mp4.md,13.mp4.md
426,3.mp4.md,13.mp4.md
427,4.mp4.md,14.mp4.md
428,4.mp4.md,14.mp4.md
429,5.mp4.md,15.mp4.md
430,5.mp4.md,15.mp4.md
431,6.mp4.md,16.mp4.md
432,6.mp4.md,16.mp4.md
433,7.mp4.md,17.mp4.md
434,7.mp4.md,17.mp4.md
435,8.mp4.md,18.mp4.md
436,8.mp4.md,18.mp4.md
437,9.mp4.md,19.mp4.md
438,9.mp4.md,19.mp4.md
439,1.mp4.md,21.mp4.md
440,1.mp4.md,21.mp4.md
441,1.mp4.md,21.mp4.md
442,2.mp4.md,22.mp4.md
443,2.mp4.md,22.mp4.md
444,2.mp4.md,22.mp4.md
445,3.mp4.md,23.mp4.md
446,3.mp4.md,23.mp4.md
447,4.mp4.md,24.mp4.md
448,4.mp4.md,24.mp4.md
449,10.mp4.md,10_Stemming_and_Lemmatization_NLP_Tutorial_For_Beginners_-_10.mp4.md
450,10.mp4.md,10_Stemming_and_Lemmatization_NLP_Tutorial_For_Beginners_-_10.mp4.md
451,10.mp4.md,10_Stemming_and_Lemmatization_NLP_Tutorial_For_Beginners_-_10.mp4.md
452,1.mp4.md,11_Part_Of_Speech_POS_Tagging_NLP_Tutorial_For_Beginners_-_11.mp4.md
453,11.mp4.md,11_Part_Of_Speech_POS_Tagging_NLP_Tutorial_For_Beginners_-_11.mp4.md
454,1.mp4.md,11_Part_Of_Speech_POS_Tagging_NLP_Tutorial_For_Beginners_-_11.mp4.md
455,11.mp4.md,11_Part_Of_Speech_POS_Tagging_NLP_Tutorial_For_Beginners_-_11.mp4.md
456,1.mp4.md,11_Part_Of_Speech_POS_Tagging_NLP_Tutorial_For_Beginners_-_11.mp4.md
457,11.mp4.md,11_Part_Of_Speech_POS_Tagging_NLP_Tutorial_For_Beginners_-_11.mp4.md
458,12.mp4.md,12_Named_Entity_Recognition_(NER)_NLP_Tutorial_For_Beginners_-_12.mp4.md
459,2.mp4.md,12_Named_Entity_Recognition_(NER)_NLP_Tutorial_For_Beginners_-_12.mp4.md
460,12.mp4.md,12_Named_Entity_Recognition_(NER)_NLP_Tutorial_For_Beginners_-_12.mp4.md
461,2.mp4.md,12_Named_Entity_Recognition_(NER)_NLP_Tutorial_For_Beginners_-_12.mp4.md
462,12.mp4.md,12_Named_Entity_Recognition_(NER)_NLP_Tutorial_For_Beginners_-_12.mp4.md
463,2.mp4.md,12_Named_Entity_Recognition_(NER)_NLP_Tutorial_For_Beginners_-_12.mp4.md
464,13.mp4.md,13_Text_Representation_Basics_NLP_Tutorial_For_Beginners_-_13.mp4.md
465,13.mp4.md,13_Text_Representation_Basics_NLP_Tutorial_For_Beginners_-_13.mp4.md
466,3.mp4.md,13_Text_Representation_Basics_NLP_Tutorial_For_Beginners_-_13.mp4.md
467,13.mp4.md,13_Text_Representation_Basics_NLP_Tutorial_For_Beginners_-_13.mp4.md
468,3.mp4.md,13_Text_Representation_Basics_NLP_Tutorial_For_Beginners_-_13.mp4.md
469,14.mp4.md,14_Text_Representation_Label_and_One_Hot_Encoding_NLP_Tutorial_For_Beginners_-_14.mp4.md
470,14.mp4.md,14_Text_Representation_Label_and_One_Hot_Encoding_NLP_Tutorial_For_Beginners_-_14.mp4.md
471,4.mp4.md,14_Text_Representation_Label_and_One_Hot_Encoding_NLP_Tutorial_For_Beginners_-_14.mp4.md
472,14.mp4.md,14_Text_Representation_Label_and_One_Hot_Encoding_NLP_Tutorial_For_Beginners_-_14.mp4.md
473,4.mp4.md,14_Text_Representation_Label_and_One_Hot_Encoding_NLP_Tutorial_For_Beginners_-_14.mp4.md
474,15.mp4.md,15_Text_Representation_Using_Bag_Of_Words_(BOW)_NLP_Tutorial_For_Beginners_-_15.mp4.md
475,15.mp4.md,15_Text_Representation_Using_Bag_Of_Words_(BOW)_NLP_Tutorial_For_Beginners_-_15.mp4.md
476,5.mp4.md,15_Text_Representation_Using_Bag_Of_Words_(BOW)_NLP_Tutorial_For_Beginners_-_15.mp4.md
477,15.mp4.md,15_Text_Representation_Using_Bag_Of_Words_(BOW)_NLP_Tutorial_For_Beginners_-_15.mp4.md
478,5.mp4.md,15_Text_Representation_Using_Bag_Of_Words_(BOW)_NLP_Tutorial_For_Beginners_-_15.mp4.md
479,16.mp4.md,16_Stop_Words_NLP_Tutorial_For_Beginners_-_16.mp4.md
480,16.mp4.md,16_Stop_Words_NLP_Tutorial_For_Beginners_-_16.mp4.md
481,6.mp4.md,16_Stop_Words_NLP_Tutorial_For_Beginners_-_16.mp4.md
482,16.mp4.md,16_Stop_Words_NLP_Tutorial_For_Beginners_-_16.mp4.md
483,6.mp4.md,16_Stop_Words_NLP_Tutorial_For_Beginners_-_16.mp4.md
484,17.mp4.md,17_Text_Representation_Using_Bag_Of_n-grams_NLP_Tutorial_For_Beginners_-_17.mp4.md
485,17.mp4.md,17_Text_Representation_Using_Bag_Of_n-grams_NLP_Tutorial_For_Beginners_-_17.mp4.md
486,7.mp4.md,17_Text_Representation_Using_Bag_Of_n-grams_NLP_Tutorial_For_Beginners_-_17.mp4.md
487,17.mp4.md,17_Text_Representation_Using_Bag_Of_n-grams_NLP_Tutorial_For_Beginners_-_17.mp4.md
488,7.mp4.md,17_Text_Representation_Using_Bag_Of_n-grams_NLP_Tutorial_For_Beginners_-_17.mp4.md
489,18.mp4.md,18_Text_Representation_Using_TF-IDF_NLP_Tutorial_For_Beginners_-_18.mp4.md
490,18.mp4.md,18_Text_Representation_Using_TF-IDF_NLP_Tutorial_For_Beginners_-_18.mp4.md
491,8.mp4.md,18_Text_Representation_Using_TF-IDF_NLP_Tutorial_For_Beginners_-_18.mp4.md
492,18.mp4.md,18_Text_Representation_Using_TF-IDF_NLP_Tutorial_For_Beginners_-_18.mp4.md
493,8.mp4.md,18_Text_Representation_Using_TF-IDF_NLP_Tutorial_For_Beginners_-_18.mp4.md
494,19.mp4.md,19_Text_Representation_Using_Word_Embeddings_NLP_Tutorial_For_Beginners_-_19.mp4.md
495,19.mp4.md,19_Text_Representation_Using_Word_Embeddings_NLP_Tutorial_For_Beginners_-_19.mp4.md
496,9.mp4.md,19_Text_Representation_Using_Word_Embeddings_NLP_Tutorial_For_Beginners_-_19.mp4.md
497,19.mp4.md,19_Text_Representation_Using_Word_Embeddings_NLP_Tutorial_For_Beginners_-_19.mp4.md
498,9.mp4.md,19_Text_Representation_Using_Word_Embeddings_NLP_Tutorial_For_Beginners_-_19.mp4.md
499,1.mp4.md,1_Introduction__NLP_Tutorial_For_Beginners_In_Python__-__1.mp4.md
500,1.mp4.md,1_Introduction__NLP_Tutorial_For_Beginners_In_Python__-__1.mp4.md
501,1.mp4.md,1_Introduction__NLP_Tutorial_For_Beginners_In_Python__-__1.mp4.md
502,20.mp4.md,20_Word_vectors_in_Spacy_overview_NLP_Tutorial_For_Beginners_-_20.mp4.md
503,20.mp4.md,20_Word_vectors_in_Spacy_overview_NLP_Tutorial_For_Beginners_-_20.mp4.md
504,20.mp4.md,20_Word_vectors_in_Spacy_overview_NLP_Tutorial_For_Beginners_-_20.mp4.md
505,1.mp4.md,21_News_classification_using_Spacy_word_vectors_NLP_Tutorial_For_Beginners_-_21.mp4.md
506,21.mp4.md,21_News_classification_using_Spacy_word_vectors_NLP_Tutorial_For_Beginners_-_21.mp4.md
507,1.mp4.md,21_News_classification_using_Spacy_word_vectors_NLP_Tutorial_For_Beginners_-_21.mp4.md
508,21.mp4.md,21_News_classification_using_Spacy_word_vectors_NLP_Tutorial_For_Beginners_-_21.mp4.md
509,1.mp4.md,21_News_classification_using_Spacy_word_vectors_NLP_Tutorial_For_Beginners_-_21.mp4.md
510,21.mp4.md,21_News_classification_using_Spacy_word_vectors_NLP_Tutorial_For_Beginners_-_21.mp4.md
511,2.mp4.md,22_Word_vectors_in_Gensim_overview_NLP_Tutorial_For_Beginners_-_22.mp4.md
512,22.mp4.md,22_Word_vectors_in_Gensim_overview_NLP_Tutorial_For_Beginners_-_22.mp4.md
513,2.mp4.md,22_Word_vectors_in_Gensim_overview_NLP_Tutorial_For_Beginners_-_22.mp4.md
514,22.mp4.md,22_Word_vectors_in_Gensim_overview_NLP_Tutorial_For_Beginners_-_22.mp4.md
515,2.mp4.md,22_Word_vectors_in_Gensim_overview_NLP_Tutorial_For_Beginners_-_22.mp4.md
516,22.mp4.md,22_Word_vectors_in_Gensim_overview_NLP_Tutorial_For_Beginners_-_22.mp4.md
517,23.mp4.md,23_News_classification_using_Gensim_word_vectors_NLP_Tutorial_For_Beginners_-_23.mp4.md
518,23.mp4.md,23_News_classification_using_Gensim_word_vectors_NLP_Tutorial_For_Beginners_-_23.mp4.md
519,3.mp4.md,23_News_classification_using_Gensim_word_vectors_NLP_Tutorial_For_Beginners_-_23.mp4.md
520,23.mp4.md,23_News_classification_using_Gensim_word_vectors_NLP_Tutorial_For_Beginners_-_23.mp4.md
521,3.mp4.md,23_News_classification_using_Gensim_word_vectors_NLP_Tutorial_For_Beginners_-_23.mp4.md
522,24.mp4.md,24_fastText_Tutorial__Train_Custom_Word_Vectors_in_fastText__NLP_Tutorial_For_Beginners_-_24.mp4.md
523,24.mp4.md,24_fastText_Tutorial__Train_Custom_Word_Vectors_in_fastText__NLP_Tutorial_For_Beginners_-_24.mp4.md
524,4.mp4.md,24_fastText_Tutorial__Train_Custom_Word_Vectors_in_fastText__NLP_Tutorial_For_Beginners_-_24.mp4.md
525,24.mp4.md,24_fastText_Tutorial__Train_Custom_Word_Vectors_in_fastText__NLP_Tutorial_For_Beginners_-_24.mp4.md
526,4.mp4.md,24_fastText_Tutorial__Train_Custom_Word_Vectors_in_fastText__NLP_Tutorial_For_Beginners_-_24.mp4.md
527,25.mp4.md,25_fastText_tutorial__Text_Classification_Using_fastText__NLP_Tutorial_For_Beginners_-_25.mp4.md
528,5.mp4.md,25_fastText_tutorial__Text_Classification_Using_fastText__NLP_Tutorial_For_Beginners_-_25.mp4.md
529,25.mp4.md,25_fastText_tutorial__Text_Classification_Using_fastText__NLP_Tutorial_For_Beginners_-_25.mp4.md
530,5.mp4.md,25_fastText_tutorial__Text_Classification_Using_fastText__NLP_Tutorial_For_Beginners_-_25.mp4.md
531,2.mp4.md,2_Why_NLP_is_booming_right_now__NLP_Tutorial_For_Beginners_In_Python_-_2.mp4.md
532,2.mp4.md,2_Why_NLP_is_booming_right_now__NLP_Tutorial_For_Beginners_In_Python_-_2.mp4.md
533,2.mp4.md,2_Why_NLP_is_booming_right_now__NLP_Tutorial_For_Beginners_In_Python_-_2.mp4.md
534,3.mp4.md,3_Regex_For_NLP_NLP_Tutorial_For_Beginners_In_Python_-_3.mp4.md
535,3.mp4.md,3_Regex_For_NLP_NLP_Tutorial_For_Beginners_In_Python_-_3.mp4.md
536,4.mp4.md,4_Three_Category_Of_Techniques_for_NLP__NLP_Tutorial_For_Beginners_In_Python_-_4.mp4.md
537,4.mp4.md,4_Three_Category_Of_Techniques_for_NLP__NLP_Tutorial_For_Beginners_In_Python_-_4.mp4.md
538,5.mp4.md,5_NLP_Tasks_NLP_Tutorial_For_Beginners_In_Python_-_5.mp4.md
539,5.mp4.md,5_NLP_Tasks_NLP_Tutorial_For_Beginners_In_Python_-_5.mp4.md
540,6.mp4.md,6_NLP_Pipeline_NLP_Tutorial_For_Beginners_In_Python_-_6.mp4.md
541,6.mp4.md,6_NLP_Pipeline_NLP_Tutorial_For_Beginners_In_Python_-_6.mp4.md
542,7.mp4.md,7_Spacy_vs_NLTK_NLP_Tutorial_For_Beginners_In_Python_-_7.mp4.md
543,7.mp4.md,7_Spacy_vs_NLTK_NLP_Tutorial_For_Beginners_In_Python_-_7.mp4.md
544,8.mp4.md,8_Tokenization_in_Spacy_NLP_Tutorial_For_Beginners_-_8.mp4.md
545,8.mp4.md,8_Tokenization_in_Spacy_NLP_Tutorial_For_Beginners_-_8.mp4.md
546,9.mp4.md,9_Language_Processing_Pipeline_in_Spacy_NLP_Tutorial_For_Beginners_-_9.mp4.md
547,9.mp4.md,9_Language_Processing_Pipeline_in_Spacy_NLP_Tutorial_For_Beginners_-_9.mp4.md
548,23.mp4.md,Obsidian_setup_for_2023.mp4.md
549,23.mp4.md,Obsidian_setup_for_2023.mp4.md
550,3.mp4.md,Obsidian_setup_for_2023.mp4.md
551,23.mp4.md,Obsidian_setup_for_2023.mp4.md
552,3.mp4.md,Obsidian_setup_for_2023.mp4.md
553,2.mp4.md,39_E2_E1_Sn2_Sn1_Reactions_Example_2.mp4.md
554,2.mp4.md,39_E2_E1_Sn2_Sn1_Reactions_Example_2.mp4.md
555,2.mp4.md,39_E2_E1_Sn2_Sn1_Reactions_Example_2.mp4.md
556,3.mp4.md,40_E2_E1_Sn2_Sn1_Reactions_Example_3.mp4.md
557,3.mp4.md,40_E2_E1_Sn2_Sn1_Reactions_Example_3.mp4.md
558,3_Alcohol_properties__Alcohols_ethers_epoxides_sulfides__Organic_chemistry__Khan_Academy.mp4.md,43_Alcohol_properties__Alcohols_ethers_epoxides_sulfides__Organic_chemistry__Khan_Academy.mp4.md
559,2.mp4.md,56_Amine_in_Sn2_part_2.mp4.md
560,2.mp4.md,56_Amine_in_Sn2_part_2.mp4.md
561,2.mp4.md,56_Amine_in_Sn2_part_2.mp4.md
562,1.mp4.md,6_More_Organic_Chemistry_Naming_Examples_1.mp4.md
563,1.mp4.md,6_More_Organic_Chemistry_Naming_Examples_1.mp4.md
564,1.mp4.md,6_More_Organic_Chemistry_Naming_Examples_1.mp4.md
565,4.mp4.md,9_Organic_Chemistry_Naming_Examples__4.mp4.md
566,4.mp4.md,9_Organic_Chemistry_Naming_Examples__4.mp4.md
567,20.mp4.md,19_Russia_the_Kievan_Rus_and_the_Mongols_Crash_Course_World_History_20.mp4.md
568,20.mp4.md,19_Russia_the_Kievan_Rus_and_the_Mongols_Crash_Course_World_History_20.mp4.md
569,20.mp4.md,19_Russia_the_Kievan_Rus_and_the_Mongols_Crash_Course_World_History_20.mp4.md
570,1.mp4.md,19_Notion_vs_Obsidian_Complete_Comparison___Review_2021.mp4.md
571,21.mp4.md,19_Notion_vs_Obsidian_Complete_Comparison___Review_2021.mp4.md
572,1.mp4.md,19_Notion_vs_Obsidian_Complete_Comparison___Review_2021.mp4.md
573,21.mp4.md,19_Notion_vs_Obsidian_Complete_Comparison___Review_2021.mp4.md
574,1.mp4.md,19_Notion_vs_Obsidian_Complete_Comparison___Review_2021.mp4.md
575,21.mp4.md,19_Notion_vs_Obsidian_Complete_Comparison___Review_2021.mp4.md
576,1.mp4.md,27_Obsidian_Organization_of_Notes__University_Student_Example__Part_1.mp4.md
577,1.mp4.md,27_Obsidian_Organization_of_Notes__University_Student_Example__Part_1.mp4.md
578,1.mp4.md,27_Obsidian_Organization_of_Notes__University_Student_Example__Part_1.mp4.md
579,1.mp4.md,Chapter_10_Part_1.mp4.md
580,1.mp4.md,Chapter_10_Part_1.mp4.md
581,1.mp4.md,Chapter_10_Part_1.mp4.md
582,2.mp4.md,Chapter_10_Part_2.mp4.md
583,2.mp4.md,Chapter_10_Part_2.mp4.md
584,2.mp4.md,Chapter_10_Part_2.mp4.md
585,1.mp4.md,Chapter_11.mp4.md
586,11.mp4.md,Chapter_11.mp4.md
587,1.mp4.md,Chapter_11.mp4.md
588,11.mp4.md,Chapter_11.mp4.md
589,1.mp4.md,Chapter_11.mp4.md
590,11.mp4.md,Chapter_11.mp4.md
591,12.mp4.md,Chapter_12.mp4.md
592,2.mp4.md,Chapter_12.mp4.md
593,12.mp4.md,Chapter_12.mp4.md
594,2.mp4.md,Chapter_12.mp4.md
595,12.mp4.md,Chapter_12.mp4.md
596,2.mp4.md,Chapter_12.mp4.md
597,3.mp4.md,Chapter_1_Full_Stat_2103.mp4.md
598,3.mp4.md,Chapter_1_Full_Stat_2103.mp4.md
599,3.mp4.md,Chapter_2_Part_1_Stat_2103.mp4.md
600,3.mp4.md,Chapter_2_Part_1_Stat_2103.mp4.md
601,3.mp4.md,Chapter_2_Part_2_Stat_2103.mp4.md
602,3.mp4.md,Chapter_2_Part_2_Stat_2103.mp4.md
603,3.mp4.md,Chapter_3_Part_1_Stat_2103.mp4.md
604,3.mp4.md,Chapter_3_Part_1_Stat_2103.mp4.md
605,3.mp4.md,Chapter_3_Part_2_Stat_2103.mp4.md
606,3.mp4.md,Chapter_3_Part_2_Stat_2103.mp4.md
607,3.mp4.md,Chapter_3_Part_3_Stat_2103.mp4.md
608,3.mp4.md,Chapter_3_Part_3_Stat_2103.mp4.md
609,3.mp4.md,Chapter_4_Part_1_Stat_2103.mp4.md
610,3.mp4.md,Chapter_4_Part_1_Stat_2103.mp4.md
611,3.mp4.md,Chapter_4_Part_2_Stat_2103.mp4.md
612,3.mp4.md,Chapter_4_Part_2_Stat_2103.mp4.md
613,3.mp4.md,Chapter_5_Part_1_Stat_2103.mp4.md
614,3.mp4.md,Chapter_5_Part_1_Stat_2103.mp4.md
615,3.mp4.md,Chapter_5_Part_2_Stat_2103.mp4.md
616,3.mp4.md,Chapter_5_Part_2_Stat_2103.mp4.md
617,3.mp4.md,Chapter_6_Part_1_Stat_2103.mp4.md
618,3.mp4.md,Chapter_6_Part_1_Stat_2103.mp4.md
619,3.mp4.md,Chapter_6_Part_2_Stat_2103.mp4.md
620,3.mp4.md,Chapter_6_Part_2_Stat_2103.mp4.md
621,3.mp4.md,Chapter_6_Part_3_Stat_2103.mp4.md
622,3.mp4.md,Chapter_6_Part_3_Stat_2103.mp4.md
623,3.mp4.md,Chapter_6_Practice_Problems_Full_Stat_2103.mp4.md
624,3.mp4.md,Chapter_6_Practice_Problems_Full_Stat_2103.mp4.md
625,3.mp4.md,Chapter_7_Part_1_Stat_2103.mp4.md
626,3.mp4.md,Chapter_7_Part_1_Stat_2103.mp4.md
627,3.mp4.md,Chapter_7_Part_2_Stat_2103.mp4.md
628,3.mp4.md,Chapter_7_Part_2_Stat_2103.mp4.md
629,3.mp4.md,Chapter_8_Part_1_Stat_2103.mp4.md
630,3.mp4.md,Chapter_8_Part_1_Stat_2103.mp4.md
631,3.mp4.md,Chapter_8_Part_2_Stat_2103.mp4.md
632,3.mp4.md,Chapter_8_Part_2_Stat_2103.mp4.md
633,3.mp4.md,Chapter_8_Part_3_Stat_2103.mp4.md
634,3.mp4.md,Chapter_8_Part_3_Stat_2103.mp4.md
635,3.mp4.md,Chapter_9_Part_1_Stat_2103.mp4.md
636,3.mp4.md,Chapter_9_Part_1_Stat_2103.mp4.md
637,3.mp4.md,Chapter_9_Part_2_Stat_2103.mp4.md
638,3.mp4.md,Chapter_9_Part_2_Stat_2103.mp4.md
639,3.mp4.md,Chapter_9_Part_3_Stat_2103.mp4.md
640,3.mp4.md,Chapter_9_Part_3_Stat_2103.mp4.md
641,3.mp4.md,10_Statistical_Properties_of_Words_-_Part_03.mp4.md
642,3.mp4.md,10_Statistical_Properties_of_Words_-_Part_03.mp4.md
643,1.mp4.md,68_IBM_Model_1.mp4.md
644,1.mp4.md,68_IBM_Model_1.mp4.md
645,1.mp4.md,68_IBM_Model_1.mp4.md
646,2.mp4.md,69_IBM_Model_2.mp4.md
647,2.mp4.md,69_IBM_Model_2.mp4.md
648,2.mp4.md,69_IBM_Model_2.mp4.md
649,1.mp4.md,8_Statistical_Properties_of_Words_-_Part_01.mp4.md
650,1.mp4.md,8_Statistical_Properties_of_Words_-_Part_01.mp4.md
651,1.mp4.md,8_Statistical_Properties_of_Words_-_Part_01.mp4.md
652,2.mp4.md,9_Statistical_Properties_of_Words_-_Part_02.mp4.md
653,2.mp4.md,9_Statistical_Properties_of_Words_-_Part_02.mp4.md
654,2.mp4.md,9_Statistical_Properties_of_Words_-_Part_02.mp4.md
655,7_Solution_-_Intro_to_Machine_Learning.mp4.md,160_Information_Gain_Part_7_Solution_-_Intro_to_Machine_Learning.mp4.md
656,2.mp4.md,283_K-Means_Clustering_Visualization_2.mp4.md
657,2.mp4.md,283_K-Means_Clustering_Visualization_2.mp4.md
658,2.mp4.md,283_K-Means_Clustering_Visualization_2.mp4.md
659,3.mp4.md,284_K-Means_Clustering_Visualization_3.mp4.md
660,3.mp4.md,284_K-Means_Clustering_Visualization_3.mp4.md
661,6_Quiz_-_Intro_to_Machine_Learning.mp4.md,296_Quiz_-_Intro_to_Machine_Learning.mp4.md
662,7_Solution_-_Intro_to_Machine_Learning.mp4.md,297_Solution_-_Intro_to_Machine_Learning.mp4.md
663,1_Introduction.mp4.md,491_Introduction.mp4.md
664,1_Introduction.mp4.md,491_Introduction.mp4.md
665,1.mp4.md,11.mp4.md
666,1.mp4.md,11.mp4.md
667,1.mp4.md,11.mp4.md
668,2.mp4.md,12.mp4.md
669,2.mp4.md,12.mp4.md
670,2.mp4.md,12.mp4.md
671,3.mp4.md,13.mp4.md
672,3.mp4.md,13.mp4.md
673,4.mp4.md,14.mp4.md
674,4.mp4.md,14.mp4.md
675,5.mp4.md,15.mp4.md
676,5.mp4.md,15.mp4.md
677,6.mp4.md,16.mp4.md
678,6.mp4.md,16.mp4.md
679,7.mp4.md,17.mp4.md
680,7.mp4.md,17.mp4.md
681,8.mp4.md,18.mp4.md
682,8.mp4.md,18.mp4.md
683,9.mp4.md,19.mp4.md
684,9.mp4.md,19.mp4.md
685,1.mp4.md,21.mp4.md
686,1.mp4.md,21.mp4.md
687,1.mp4.md,21.mp4.md
688,2.mp4.md,22.mp4.md
689,2.mp4.md,22.mp4.md
690,2.mp4.md,22.mp4.md
691,3.mp4.md,23.mp4.md
692,3.mp4.md,23.mp4.md
693,4.mp4.md,24.mp4.md
694,4.mp4.md,24.mp4.md
695,5.mp4.md,25.mp4.md
696,5.mp4.md,25.mp4.md
697,6.mp4.md,26.mp4.md
698,6.mp4.md,26.mp4.md
699,7.mp4.md,27.mp4.md
700,7.mp4.md,27.mp4.md
701,8.mp4.md,28.mp4.md
702,8.mp4.md,28.mp4.md
703,9.mp4.md,29.mp4.md
704,9.mp4.md,29.mp4.md
705,1.mp4.md,31.mp4.md
706,1.mp4.md,31.mp4.md
707,1.mp4.md,31.mp4.md
708,2.mp4.md,32.mp4.md
709,2.mp4.md,32.mp4.md
710,2.mp4.md,32.mp4.md
711,3.mp4.md,33.mp4.md
712,3.mp4.md,33.mp4.md
713,4.mp4.md,34.mp4.md
714,4.mp4.md,34.mp4.md
715,5.mp4.md,35.mp4.md
716,5.mp4.md,35.mp4.md
717,6.mp4.md,36.mp4.md
718,6.mp4.md,36.mp4.md
719,7.mp4.md,37.mp4.md
720,7.mp4.md,37.mp4.md
721,8.mp4.md,38.mp4.md
722,8.mp4.md,38.mp4.md
723,9.mp4.md,39.mp4.md
724,9.mp4.md,39.mp4.md
725,1.mp4.md,41.mp4.md
726,1.mp4.md,41.mp4.md
727,1.mp4.md,41.mp4.md
728,2.mp4.md,42.mp4.md
729,2.mp4.md,42.mp4.md
730,2.mp4.md,42.mp4.md
731,1.mp4.md,11.mp4.md
732,1.mp4.md,11.mp4.md
733,1.mp4.md,11.mp4.md
734,2.mp4.md,12.mp4.md
735,2.mp4.md,12.mp4.md
736,2.mp4.md,12.mp4.md
737,3.mp4.md,13.mp4.md
738,3.mp4.md,13.mp4.md
739,4.mp4.md,14.mp4.md
740,4.mp4.md,14.mp4.md
741,5.mp4.md,15.mp4.md
742,5.mp4.md,15.mp4.md
743,6.mp4.md,16.mp4.md
744,6.mp4.md,16.mp4.md
745,7.mp4.md,17.mp4.md
746,7.mp4.md,17.mp4.md
747,8.mp4.md,18.mp4.md
748,8.mp4.md,18.mp4.md
749,9.mp4.md,19.mp4.md
750,9.mp4.md,19.mp4.md
751,1.mp4.md,21.mp4.md
752,1.mp4.md,21.mp4.md
753,1.mp4.md,21.mp4.md
754,2.mp4.md,22.mp4.md
755,2.mp4.md,22.mp4.md
756,2.mp4.md,22.mp4.md
757,3.mp4.md,23.mp4.md
758,3.mp4.md,23.mp4.md
759,4.mp4.md,24.mp4.md
760,4.mp4.md,24.mp4.md
761,5.mp4.md,25.mp4.md
762,5.mp4.md,25.mp4.md
763,6.mp4.md,26.mp4.md
764,6.mp4.md,26.mp4.md
765,7.mp4.md,27.mp4.md
766,7.mp4.md,27.mp4.md
767,8.mp4.md,28.mp4.md
768,8.mp4.md,28.mp4.md
769,9.mp4.md,29.mp4.md
770,9.mp4.md,29.mp4.md
771,1.mp4.md,31.mp4.md
772,1.mp4.md,31.mp4.md
773,1.mp4.md,31.mp4.md
774,2.mp4.md,32.mp4.md
775,2.mp4.md,32.mp4.md
776,2.mp4.md,32.mp4.md
777,3.mp4.md,33.mp4.md
778,3.mp4.md,33.mp4.md
779,4.mp4.md,34.mp4.md
780,4.mp4.md,34.mp4.md
781,5.mp4.md,35.mp4.md
782,5.mp4.md,35.mp4.md
783,6.mp4.md,36.mp4.md
784,6.mp4.md,36.mp4.md
785,7.mp4.md,37.mp4.md
786,7.mp4.md,37.mp4.md
787,8.mp4.md,38.mp4.md
788,8.mp4.md,38.mp4.md
789,9.mp4.md,39.mp4.md
790,9.mp4.md,39.mp4.md
791,1.mp4.md,41.mp4.md
792,1.mp4.md,41.mp4.md
793,1.mp4.md,41.mp4.md
794,2.mp4.md,42.mp4.md
795,2.mp4.md,42.mp4.md
796,2.mp4.md,42.mp4.md
797,1.mp4.md,28_[Live_Machine_Learning_Research]_Plain_Self-Ensembles_(I_actually_DISCOVER_SOMETHING)_-_Part_1.mp4.md
798,1.mp4.md,28_[Live_Machine_Learning_Research]_Plain_Self-Ensembles_(I_actually_DISCOVER_SOMETHING)_-_Part_1.mp4.md
799,1.mp4.md,28_[Live_Machine_Learning_Research]_Plain_Self-Ensembles_(I_actually_DISCOVER_SOMETHING)_-_Part_1.mp4.md
